"Tabela 10062 - Número médio de anos de estudo das pessoas com 11 anos ou mais de idade, segundo os grupos de idade, o sexo e a cor ou raça"
"Variável - Número médio de anos de estudo das pessoas de 11 anos ou mais de idade (Anos)"
"Município";"Cor ou raça";"Ano x Grupo de idade x Sexo"
"Município";"Cor ou raça";"2022"
"Município";"Cor ou raça";"Total";;;"25 anos ou mais"
"Município";"Cor ou raça";"Total";"Homens";"Mulheres";"Total";"Homens";"Mulheres"
"Adamantina (SP)";"Total";"10,5";"10,4";"10,5";"10,4";"10,4";"10,5"
"Adolfo (SP)";"Total";"8,4";"8,4";"8,3";"8,1";"8,1";"8,1"
"Aguaí (SP)";"Total";"9,0";"9,0";"9,1";"9,0";"8,9";"9,0"
"Águas da Prata (SP)";"Total";"9,4";"9,3";"9,6";"9,4";"9,3";"9,5"
"Águas de Lindóia (SP)";"Total";"9,5";"9,4";"9,6";"9,5";"9,4";"9,6"
"Águas de Santa Bárbara (SP)";"Total";"10,1";"10,0";"10,2";"10,2";"10,2";"10,3"
"Águas de São Pedro (SP)";"Total";"11,4";"11,5";"11,3";"11,7";"11,9";"11,6"
"Agudos (SP)";"Total";"10,0";"10,1";"10,0";"10,1";"10,2";"10,0"
"Alambari (SP)";"Total";"9,1";"9,1";"9,2";"8,9";"8,8";"9,1"
"Alfredo Marcondes (SP)";"Total";"9,5";"9,5";"9,4";"9,4";"9,4";"9,3"
"Altair (SP)";"Total";"8,5";"8,1";"8,9";"8,2";"7,7";"8,6"
"Altinópolis (SP)";"Total";"9,1";"8,9";"9,3";"9,0";"8,7";"9,2"
"Alto Alegre (SP)";"Total";"8,6";"8,5";"8,7";"8,4";"8,3";"8,5"
"Alumínio (SP)";"Total";"10,1";"10,1";"10,0";"10,2";"10,3";"10,0"
"Álvares Florence (SP)";"Total";"8,5";"8,3";"8,6";"8,3";"8,2";"8,5"
"Álvares Machado (SP)";"Total";"9,8";"9,7";"9,9";"9,8";"9,7";"9,9"
"Álvaro de Carvalho (SP)";"Total";"7,3";"7,0";"7,8";"6,9";"6,7";"7,4"
"Alvinlândia (SP)";"Total";"8,5";"8,1";"8,8";"8,4";"8,0";"8,7"
"Americana (SP)";"Total";"10,9";"11,0";"10,8";"11,1";"11,3";"10,9"
"Américo Brasiliense (SP)";"Total";"8,8";"8,9";"8,8";"8,6";"8,7";"8,6"
"Américo de Campos (SP)";"Total";"9,1";"9,0";"9,3";"8,9";"8,8";"9,0"
"Amparo (SP)";"Total";"10,3";"10,3";"10,4";"10,4";"10,3";"10,5"
"Analândia (SP)";"Total";"9,9";"9,9";"10,0";"10,0";"10,0";"10,1"
"Andradina (SP)";"Total";"10,1";"10,0";"10,2";"10,1";"10,0";"10,2"
"Angatuba (SP)";"Total";"9,2";"9,1";"9,3";"9,1";"9,0";"9,2"
"Anhembi (SP)";"Total";"8,5";"8,1";"9,0";"8,2";"7,7";"8,7"
"Anhumas (SP)";"Total";"9,6";"9,2";"9,9";"9,5";"9,0";"9,8"
"Aparecida (SP)";"Total";"10,2";"10,2";"10,3";"10,3";"10,3";"10,4"
"Aparecida d'Oeste (SP)";"Total";"8,6";"8,7";"8,5";"8,2";"8,4";"8,0"
"Apiaí (SP)";"Total";"8,9";"8,6";"9,2";"8,7";"8,5";"9,0"
"Araçariguama (SP)";"Total";"9,0";"8,8";"9,3";"8,9";"8,7";"9,2"
"Araçatuba (SP)";"Total";"10,6";"10,5";"10,7";"10,7";"10,7";"10,8"
"Araçoiaba da Serra (SP)";"Total";"10,3";"10,2";"10,4";"10,4";"10,4";"10,5"
"Aramina (SP)";"Total";"9,2";"8,7";"9,6";"9,1";"8,7";"9,5"
"Arandu (SP)";"Total";"8,5";"8,4";"8,6";"8,1";"8,0";"8,2"
"Arapeí (SP)";"Total";"8,6";"8,5";"8,7";"8,4";"8,2";"8,5"
"Araraquara (SP)";"Total";"10,9";"10,9";"10,9";"11,1";"11,2";"11,1"
"Araras (SP)";"Total";"10,4";"10,4";"10,4";"10,5";"10,5";"10,5"
"Arco-Íris (SP)";"Total";"8,8";"8,5";"9,2";"8,6";"8,3";"8,9"
"Arealva (SP)";"Total";"8,9";"8,7";"9,2";"8,8";"8,5";"9,1"
"Areias (SP)";"Total";"8,9";"8,9";"8,9";"8,6";"8,7";"8,6"
"Areiópolis (SP)";"Total";"8,8";"8,7";"8,8";"8,5";"8,4";"8,5"
"Ariranha (SP)";"Total";"9,1";"9,2";"9,0";"8,9";"8,9";"8,9"
"Artur Nogueira (SP)";"Total";"9,3";"9,1";"9,5";"9,2";"9,0";"9,4"
"Arujá (SP)";"Total";"10,5";"10,4";"10,5";"10,6";"10,6";"10,6"
"Aspásia (SP)";"Total";"8,8";"8,5";"9,1";"8,4";"8,1";"8,8"
"Assis (SP)";"Total";"10,8";"10,7";"10,9";"11,1";"11,0";"11,1"
"Atibaia (SP)";"Total";"10,4";"10,2";"10,6";"10,6";"10,4";"10,7"
"Auriflama (SP)";"Total";"9,7";"9,5";"9,8";"9,6";"9,4";"9,7"
"Avaí (SP)";"Total";"9,1";"9,0";"9,2";"8,9";"8,7";"9,1"
"Avanhandava (SP)";"Total";"9,0";"8,8";"9,2";"8,8";"8,5";"9,1"
"Avaré (SP)";"Total";"10,1";"9,9";"10,3";"10,2";"10,0";"10,4"
"Bady Bassitt (SP)";"Total";"10,3";"10,2";"10,5";"10,5";"10,3";"10,6"
"Balbinos (SP)";"Total";"8,0";"7,8";"9,4";"7,9";"7,7";"9,3"
"Bálsamo (SP)";"Total";"9,4";"9,2";"9,5";"9,3";"9,0";"9,5"
"Bananal (SP)";"Total";"9,1";"8,9";"9,2";"9,0";"8,8";"9,1"
"Barão de Antonina (SP)";"Total";"8,1";"8,1";"8,1";"7,8";"7,8";"7,9"
"Barbosa (SP)";"Total";"8,4";"8,2";"8,7";"8,1";"7,9";"8,3"
"Bariri (SP)";"Total";"9,7";"9,8";"9,7";"9,7";"9,7";"9,6"
"Barra Bonita (SP)";"Total";"9,9";"9,9";"9,9";"9,9";"10,0";"9,8"
"Barra do Chapéu (SP)";"Total";"8,1";"7,9";"8,3";"7,6";"7,4";"7,9"
"Barra do Turvo (SP)";"Total";"7,8";"7,6";"8,0";"7,3";"7,0";"7,6"
"Barretos (SP)";"Total";"10,4";"10,2";"10,6";"10,6";"10,4";"10,8"
"Barrinha (SP)";"Total";"9,0";"8,8";"9,3";"8,9";"8,6";"9,2"
"Barueri (SP)";"Total";"11,0";"10,9";"11,0";"11,3";"11,3";"11,3"
"Bastos (SP)";"Total";"9,5";"9,5";"9,4";"9,4";"9,5";"9,4"
"Batatais (SP)";"Total";"9,6";"9,6";"9,7";"9,6";"9,6";"9,6"
"Bauru (SP)";"Total";"10,9";"10,9";"11,0";"11,1";"11,1";"11,2"
"Bebedouro (SP)";"Total";"10,2";"10,2";"10,2";"10,3";"10,3";"10,3"
"Bento de Abreu (SP)";"Total";"9,5";"9,3";"9,7";"9,4";"9,3";"9,6"
"Bernardino de Campos (SP)";"Total";"9,3";"9,1";"9,4";"9,2";"9,1";"9,3"
"Bertioga (SP)";"Total";"9,3";"9,0";"9,5";"9,4";"9,1";"9,7"
"Bilac (SP)";"Total";"9,7";"9,7";"9,6";"9,5";"9,7";"9,4"
"Birigui (SP)";"Total";"10,1";"10,0";"10,2";"10,1";"10,1";"10,2"
"Biritiba Mirim (SP)";"Total";"9,3";"9,2";"9,5";"9,2";"9,0";"9,3"
"Boa Esperança do Sul (SP)";"Total";"8,7";"8,5";"9,0";"8,5";"8,2";"8,7"
"Bocaina (SP)";"Total";"9,0";"8,9";"9,2";"9,0";"8,9";"9,1"
"Bofete (SP)";"Total";"8,8";"8,6";"9,0";"8,6";"8,4";"8,9"
"Boituva (SP)";"Total";"10,2";"10,2";"10,3";"10,4";"10,3";"10,4"
"Bom Jesus dos Perdões (SP)";"Total";"9,2";"9,0";"9,3";"9,2";"9,1";"9,3"
"Bom Sucesso de Itararé (SP)";"Total";"8,6";"8,3";"9,0";"8,3";"7,9";"8,7"
"Borá (SP)";"Total";"8,8";"8,6";"9,0";"8,6";"8,4";"8,8"
"Boracéia (SP)";"Total";"8,7";"8,7";"8,8";"8,5";"8,4";"8,5"
"Borborema (SP)";"Total";"8,7";"8,7";"8,7";"8,4";"8,3";"8,5"
"Borebi (SP)";"Total";"8,8";"8,8";"8,9";"8,7";"8,6";"8,8"
"Botucatu (SP)";"Total";"10,8";"10,7";"10,8";"11,0";"11,0";"11,0"
"Bragança Paulista (SP)";"Total";"10,4";"10,3";"10,5";"10,5";"10,4";"10,6"
"Braúna (SP)";"Total";"9,1";"8,8";"9,3";"8,9";"8,7";"9,2"
"Brejo Alegre (SP)";"Total";"8,7";"8,5";"8,9";"8,5";"8,3";"8,7"
"Brodowski (SP)";"Total";"9,5";"9,2";"9,7";"9,4";"9,2";"9,7"
"Brotas (SP)";"Total";"9,1";"9,0";"9,3";"9,1";"9,0";"9,3"
"Buri (SP)";"Total";"8,3";"8,0";"8,6";"8,1";"7,7";"8,4"
"Buritama (SP)";"Total";"9,3";"9,3";"9,4";"9,2";"9,2";"9,2"
"Buritizal (SP)";"Total";"9,5";"9,2";"9,7";"9,4";"9,1";"9,7"
"Cabrália Paulista (SP)";"Total";"8,7";"8,8";"8,6";"8,4";"8,5";"8,3"
"Cabreúva (SP)";"Total";"9,7";"9,6";"9,8";"9,7";"9,6";"9,7"
"Caçapava (SP)";"Total";"10,3";"10,4";"10,3";"10,5";"10,6";"10,4"
"Cachoeira Paulista (SP)";"Total";"10,3";"10,2";"10,3";"10,4";"10,3";"10,4"
"Caconde (SP)";"Total";"9,0";"8,7";"9,3";"8,8";"8,4";"9,1"
"Cafelândia (SP)";"Total";"9,2";"8,9";"9,4";"9,1";"8,9";"9,3"
"Caiabu (SP)";"Total";"9,0";"8,8";"9,1";"8,8";"8,6";"8,9"
"Caieiras (SP)";"Total";"10,3";"10,3";"10,3";"10,4";"10,5";"10,3"
"Caiuá (SP)";"Total";"8,9";"8,8";"9,1";"8,7";"8,5";"8,9"
"Cajamar (SP)";"Total";"10,6";"10,5";"10,6";"10,8";"10,7";"10,8"
"Cajati (SP)";"Total";"8,4";"8,4";"8,3";"8,1";"8,2";"8,1"
"Cajobi (SP)";"Total";"9,1";"8,9";"9,2";"8,8";"8,6";"9,0"
"Cajuru (SP)";"Total";"9,3";"9,2";"9,4";"9,2";"9,1";"9,3"
"Campina do Monte Alegre (SP)";"Total";"9,1";"8,9";"9,2";"8,9";"8,8";"9,0"
"Campinas (SP)";"Total";"11,0";"10,9";"11,0";"11,2";"11,2";"11,2"
"Campo Limpo Paulista (SP)";"Total";"9,9";"10,0";"9,9";"10,0";"10,1";"9,9"
"Campos do Jordão (SP)";"Total";"9,5";"9,3";"9,7";"9,5";"9,3";"9,7"
"Campos Novos Paulista (SP)";"Total";"8,9";"8,7";"9,1";"8,7";"8,4";"8,9"
"Cananéia (SP)";"Total";"9,4";"9,2";"9,6";"9,4";"9,2";"9,5"
"Canas (SP)";"Total";"9,6";"9,4";"9,9";"9,7";"9,5";"9,9"
"Cândido Mota (SP)";"Total";"9,4";"9,2";"9,5";"9,3";"9,1";"9,4"
"Cândido Rodrigues (SP)";"Total";"9,4";"9,6";"9,3";"9,3";"9,4";"9,1"
"Canitar (SP)";"Total";"9,2";"9,3";"9,1";"8,9";"9,1";"8,7"
"Capão Bonito (SP)";"Total";"8,9";"8,9";"9,0";"8,8";"8,7";"8,8"
"Capela do Alto (SP)";"Total";"8,2";"8,1";"8,4";"8,0";"7,9";"8,1"
"Capivari (SP)";"Total";"8,9";"8,9";"8,9";"9,0";"9,0";"9,0"
"Caraguatatuba (SP)";"Total";"10,5";"10,2";"10,7";"10,7";"10,5";"10,9"
"Carapicuíba (SP)";"Total";"10,0";"9,9";"10,0";"10,0";"10,0";"10,1"
"Cardoso (SP)";"Total";"8,8";"8,6";"8,9";"8,6";"8,5";"8,7"
"Casa Branca (SP)";"Total";"10,0";"9,7";"10,4";"10,2";"9,8";"10,7"
"Cássia dos Coqueiros (SP)";"Total";"9,2";"8,8";"9,6";"9,0";"8,5";"9,5"
"Castilho (SP)";"Total";"9,1";"8,9";"9,4";"9,1";"8,8";"9,4"
"Catanduva (SP)";"Total";"10,4";"10,4";"10,4";"10,5";"10,6";"10,5"
"Catiguá (SP)";"Total";"9,1";"9,1";"9,1";"8,9";"9,0";"8,9"
"Cedral (SP)";"Total";"9,9";"9,8";"10,0";"10,0";"9,9";"10,1"
"Cerqueira César (SP)";"Total";"9,1";"8,9";"9,4";"9,0";"8,8";"9,3"
"Cerquilho (SP)";"Total";"10,3";"10,3";"10,3";"10,4";"10,4";"10,4"
"Cesário Lange (SP)";"Total";"9,0";"8,9";"9,1";"8,9";"8,7";"9,0"
"Charqueada (SP)";"Total";"9,3";"9,1";"9,4";"9,3";"9,1";"9,4"
"Clementina (SP)";"Total";"9,3";"9,3";"9,3";"9,3";"9,4";"9,2"
"Colina (SP)";"Total";"9,4";"9,2";"9,6";"9,4";"9,2";"9,5"
"Colômbia (SP)";"Total";"8,2";"7,8";"8,5";"7,9";"7,5";"8,3"
"Conchal (SP)";"Total";"8,9";"8,7";"9,0";"8,6";"8,5";"8,7"
"Conchas (SP)";"Total";"9,2";"8,9";"9,4";"9,1";"8,8";"9,4"
"Cordeirópolis (SP)";"Total";"9,6";"9,4";"9,7";"9,5";"9,4";"9,6"
"Coroados (SP)";"Total";"9,1";"9,0";"9,2";"8,9";"8,7";"9,1"
"Coronel Macedo (SP)";"Total";"8,3";"8,3";"8,3";"8,0";"7,9";"8,0"
"Corumbataí (SP)";"Total";"9,5";"9,2";"9,7";"9,5";"9,2";"9,7"
"Cosmópolis (SP)";"Total";"9,9";"10,0";"9,9";"10,0";"10,1";"9,9"
"Cosmorama (SP)";"Total";"8,3";"8,0";"8,6";"8,1";"7,8";"8,4"
"Cotia (SP)";"Total";"10,8";"10,7";"10,9";"11,1";"11,1";"11,2"
"Cravinhos (SP)";"Total";"9,4";"9,2";"9,6";"9,4";"9,2";"9,6"
"Cristais Paulista (SP)";"Total";"9,2";"8,9";"9,6";"9,1";"8,7";"9,5"
"Cruzália (SP)";"Total";"9,3";"9,2";"9,4";"9,3";"9,2";"9,4"
"Cruzeiro (SP)";"Total";"10,6";"10,7";"10,5";"10,7";"10,9";"10,6"
"Cubatão (SP)";"Total";"9,8";"9,7";"9,8";"9,8";"9,8";"9,8"
"Cunha (SP)";"Total";"7,7";"7,3";"8,1";"7,2";"6,8";"7,7"
"Descalvado (SP)";"Total";"9,8";"9,7";"9,9";"9,8";"9,6";"9,9"
"Diadema (SP)";"Total";"10,3";"10,2";"10,3";"10,4";"10,4";"10,4"
"Dirce Reis (SP)";"Total";"8,9";"8,6";"9,2";"8,6";"8,3";"8,8"
"Divinolândia (SP)";"Total";"8,6";"8,0";"9,2";"8,3";"7,7";"9,0"
"Dobrada (SP)";"Total";"9,3";"9,2";"9,4";"9,1";"9,0";"9,2"
"Dois Córregos (SP)";"Total";"9,0";"9,0";"9,1";"8,8";"8,7";"8,9"
"Dolcinópolis (SP)";"Total";"8,8";"8,7";"8,8";"8,6";"8,5";"8,7"
"Dourado (SP)";"Total";"8,9";"8,9";"9,0";"8,7";"8,7";"8,8"
"Dracena (SP)";"Total";"10,3";"10,3";"10,3";"10,4";"10,4";"10,4"
"Duartina (SP)";"Total";"8,9";"8,9";"9,0";"8,7";"8,7";"8,8"
"Dumont (SP)";"Total";"9,1";"8,9";"9,4";"8,9";"8,7";"9,0"
"Echaporã (SP)";"Total";"9,2";"9,0";"9,4";"9,2";"9,0";"9,4"
"Eldorado (SP)";"Total";"8,8";"8,5";"9,1";"8,7";"8,3";"9,0"
"Elias Fausto (SP)";"Total";"9,0";"8,8";"9,2";"8,8";"8,6";"9,1"
"Elisiário (SP)";"Total";"9,3";"9,4";"9,1";"9,1";"9,2";"9,0"
"Embaúba (SP)";"Total";"8,9";"8,7";"9,1";"8,7";"8,5";"8,9"
"Embu das Artes (SP)";"Total";"9,7";"9,5";"9,8";"9,7";"9,6";"9,8"
"Embu-Guaçu (SP)";"Total";"9,8";"9,5";"10,1";"9,8";"9,4";"10,1"
"Emilianópolis (SP)";"Total";"9,1";"8,9";"9,3";"8,9";"8,8";"9,1"
"Engenheiro Coelho (SP)";"Total";"9,8";"9,6";"10,0";"9,6";"9,5";"9,8"
"Espírito Santo do Pinhal (SP)";"Total";"9,7";"9,8";"9,7";"9,8";"9,9";"9,7"
"Espírito Santo do Turvo (SP)";"Total";"8,0";"7,6";"8,4";"7,5";"7,1";"7,9"
"Estrela d'Oeste (SP)";"Total";"9,6";"9,4";"9,7";"9,5";"9,3";"9,6"
"Estrela do Norte (SP)";"Total";"9,3";"9,2";"9,5";"9,3";"8,9";"9,6"
"Euclides da Cunha Paulista (SP)";"Total";"8,4";"8,2";"8,7";"8,2";"7,8";"8,5"
"Fartura (SP)";"Total";"9,2";"9,0";"9,4";"9,0";"8,8";"9,2"
"Fernandópolis (SP)";"Total";"10,1";"10,0";"10,3";"10,1";"10,0";"10,3"
"Fernando Prestes (SP)";"Total";"9,3";"9,2";"9,4";"9,1";"9,0";"9,2"
"Fernão (SP)";"Total";"8,8";"8,6";"9,0";"8,6";"8,4";"8,7"
"Ferraz de Vasconcelos (SP)";"Total";"9,7";"9,6";"9,8";"9,8";"9,7";"9,8"
"Flora Rica (SP)";"Total";"9,3";"9,2";"9,4";"9,2";"9,1";"9,3"
"Floreal (SP)";"Total";"9,5";"9,6";"9,4";"9,4";"9,6";"9,2"
"Flórida Paulista (SP)";"Total";"8,9";"8,8";"9,1";"8,7";"8,6";"8,9"
"Florínea (SP)";"Total";"9,0";"8,6";"9,6";"8,8";"8,5";"9,4"
"Franca (SP)";"Total";"10,3";"10,3";"10,4";"10,4";"10,4";"10,5"
"Francisco Morato (SP)";"Total";"9,1";"8,9";"9,2";"8,9";"8,7";"9,1"
"Franco da Rocha (SP)";"Total";"9,8";"9,5";"10,0";"9,8";"9,6";"10,0"
"Gabriel Monteiro (SP)";"Total";"9,7";"9,6";"9,8";"9,6";"9,6";"9,7"
"Gália (SP)";"Total";"8,7";"8,5";"8,9";"8,5";"8,3";"8,6"
"Garça (SP)";"Total";"9,8";"9,7";"9,9";"9,8";"9,7";"9,9"
"Gastão Vidigal (SP)";"Total";"8,5";"8,3";"8,8";"8,2";"7,9";"8,5"
"Gavião Peixoto (SP)";"Total";"8,9";"8,8";"9,1";"8,7";"8,5";"8,8"
"General Salgado (SP)";"Total";"9,4";"9,3";"9,5";"9,2";"9,2";"9,3"
"Getulina (SP)";"Total";"9,2";"9,2";"9,1";"9,1";"9,2";"8,9"
"Glicério (SP)";"Total";"8,9";"8,6";"9,2";"8,7";"8,3";"9,0"
"Guaiçara (SP)";"Total";"9,2";"8,9";"9,5";"9,2";"8,8";"9,5"
"Guaimbê (SP)";"Total";"8,8";"8,6";"8,9";"8,6";"8,4";"8,7"
"Guaíra (SP)";"Total";"9,0";"8,8";"9,1";"8,9";"8,7";"9,0"
"Guapiaçu (SP)";"Total";"9,4";"9,3";"9,5";"9,3";"9,3";"9,4"
"Guapiara (SP)";"Total";"7,9";"7,9";"7,9";"7,4";"7,4";"7,4"
"Guará (SP)";"Total";"8,9";"9,0";"8,9";"8,7";"8,7";"8,7"
"Guaraçaí (SP)";"Total";"9,1";"8,9";"9,2";"8,9";"8,7";"9,0"
"Guaraci (SP)";"Total";"9,5";"9,2";"9,9";"9,5";"9,0";"9,9"
"Guarani d'Oeste (SP)";"Total";"8,6";"8,5";"8,8";"8,5";"8,3";"8,7"
"Guarantã (SP)";"Total";"9,0";"8,8";"9,1";"8,8";"8,6";"8,9"
"Guararapes (SP)";"Total";"9,7";"9,6";"9,7";"9,7";"9,6";"9,8"
"Guararema (SP)";"Total";"10,0";"9,8";"10,1";"10,0";"9,9";"10,1"
"Guaratinguetá (SP)";"Total";"10,6";"10,5";"10,7";"10,8";"10,7";"10,9"
"Guareí (SP)";"Total";"8,5";"8,3";"8,9";"8,3";"8,1";"8,7"
"Guariba (SP)";"Total";"9,0";"9,0";"9,0";"8,9";"8,9";"8,9"
"Guarujá (SP)";"Total";"9,9";"9,7";"10,0";"9,9";"9,8";"10,1"
"Guarulhos (SP)";"Total";"10,2";"10,1";"10,2";"10,3";"10,3";"10,4"
"Guatapará (SP)";"Total";"9,0";"8,8";"9,1";"8,8";"8,7";"8,9"
"Guzolândia (SP)";"Total";"8,4";"8,2";"8,6";"8,1";"7,9";"8,3"
"Herculândia (SP)";"Total";"8,3";"8,0";"8,5";"7,9";"7,6";"8,1"
"Holambra (SP)";"Total";"10,6";"10,5";"10,7";"10,8";"10,7";"10,9"
"Hortolândia (SP)";"Total";"10,3";"10,2";"10,3";"10,3";"10,3";"10,3"
"Iacanga (SP)";"Total";"9,1";"8,9";"9,4";"9,1";"8,8";"9,4"
"Iacri (SP)";"Total";"8,8";"8,6";"8,9";"8,5";"8,4";"8,7"
"Iaras (SP)";"Total";"8,1";"7,7";"9,1";"7,9";"7,5";"8,9"
"Ibaté (SP)";"Total";"9,1";"9,0";"9,2";"8,9";"8,8";"9,0"
"Ibirá (SP)";"Total";"9,5";"9,2";"9,7";"9,4";"9,2";"9,6"
"Ibirarema (SP)";"Total";"9,2";"9,1";"9,3";"9,0";"8,9";"9,2"
"Ibitinga (SP)";"Total";"8,5";"8,5";"8,6";"8,4";"8,4";"8,4"
"Ibiúna (SP)";"Total";"8,8";"8,7";"9,0";"8,6";"8,4";"8,8"
"Icém (SP)";"Total";"9,2";"9,0";"9,4";"9,1";"9,0";"9,2"
"Iepê (SP)";"Total";"9,4";"9,1";"9,8";"9,3";"8,9";"9,7"
"Igaraçu do Tietê (SP)";"Total";"8,5";"8,6";"8,4";"8,3";"8,4";"8,2"
"Igarapava (SP)";"Total";"8,8";"8,5";"9,1";"8,8";"8,5";"9,1"
"Igaratá (SP)";"Total";"8,7";"8,5";"8,9";"8,6";"8,3";"8,8"
"Iguape (SP)";"Total";"9,3";"8,9";"9,7";"9,1";"8,7";"9,5"
"Ilhabela (SP)";"Total";"10,4";"10,1";"10,7";"10,7";"10,3";"11,0"
"Ilha Comprida (SP)";"Total";"9,8";"9,6";"10,1";"10,0";"9,6";"10,3"
"Ilha Solteira (SP)";"Total";"10,8";"10,6";"11,0";"11,0";"10,8";"11,1"
"Indaiatuba (SP)";"Total";"10,8";"10,8";"10,8";"11,0";"11,0";"10,9"
"Indiana (SP)";"Total";"9,7";"9,4";"9,9";"9,6";"9,3";"9,9"
"Indiaporã (SP)";"Total";"8,9";"8,7";"9,2";"8,9";"8,6";"9,1"
"Inúbia Paulista (SP)";"Total";"9,8";"9,7";"10,0";"9,8";"9,6";"10,0"
"Ipaussu (SP)";"Total";"9,5";"9,5";"9,6";"9,5";"9,5";"9,5"
"Iperó (SP)";"Total";"9,3";"9,2";"9,6";"9,3";"9,1";"9,5"
"Ipeúna (SP)";"Total";"9,7";"9,6";"9,8";"9,6";"9,5";"9,7"
"Ipiguá (SP)";"Total";"9,0";"8,8";"9,2";"8,9";"8,7";"9,1"
"Iporanga (SP)";"Total";"9,1";"8,8";"9,4";"9,0";"8,7";"9,4"
"Ipuã (SP)";"Total";"9,0";"9,0";"9,1";"8,7";"8,7";"8,7"
"Iracemápolis (SP)";"Total";"10,1";"10,0";"10,1";"10,2";"10,1";"10,2"
"Irapuã (SP)";"Total";"8,6";"8,4";"8,8";"8,3";"8,1";"8,6"
"Irapuru (SP)";"Total";"8,8";"8,6";"9,1";"8,7";"8,4";"9,0"
"Itaberá (SP)";"Total";"8,7";"8,5";"8,8";"8,4";"8,3";"8,5"
"Itaí (SP)";"Total";"8,8";"8,5";"9,0";"8,6";"8,3";"8,8"
"Itajobi (SP)";"Total";"9,1";"8,9";"9,2";"8,9";"8,8";"9,0"
"Itaju (SP)";"Total";"8,2";"8,1";"8,3";"8,0";"7,9";"8,1"
"Itanhaém (SP)";"Total";"9,9";"9,7";"10,1";"10,0";"9,8";"10,2"
"Itaoca (SP)";"Total";"8,5";"8,1";"8,8";"8,1";"7,7";"8,6"
"Itapecerica da Serra (SP)";"Total";"9,7";"9,5";"9,9";"9,7";"9,6";"9,9"
"Itapetininga (SP)";"Total";"10,2";"10,1";"10,4";"10,3";"10,2";"10,5"
"Itapeva (SP)";"Total";"9,5";"9,4";"9,5";"9,4";"9,4";"9,4"
"Itapevi (SP)";"Total";"9,7";"9,6";"9,8";"9,7";"9,6";"9,8"
"Itapira (SP)";"Total";"9,8";"9,7";"9,9";"9,8";"9,7";"9,9"
"Itapirapuã Paulista (SP)";"Total";"8,2";"8,0";"8,3";"7,6";"7,4";"7,8"
"Itápolis (SP)";"Total";"9,3";"9,2";"9,4";"9,2";"9,1";"9,3"
"Itaporanga (SP)";"Total";"8,6";"8,5";"8,7";"8,3";"8,2";"8,5"
"Itapuí (SP)";"Total";"9,1";"9,1";"9,2";"9,1";"9,0";"9,2"
"Itapura (SP)";"Total";"9,1";"9,1";"9,2";"8,9";"8,9";"9,0"
"Itaquaquecetuba (SP)";"Total";"9,5";"9,4";"9,6";"9,5";"9,4";"9,6"
"Itararé (SP)";"Total";"9,2";"9,0";"9,4";"9,0";"8,8";"9,3"
"Itariri (SP)";"Total";"8,8";"8,5";"9,1";"8,6";"8,2";"9,0"
"Itatiba (SP)";"Total";"10,6";"10,5";"10,7";"10,8";"10,7";"10,8"
"Itatinga (SP)";"Total";"9,1";"9,0";"9,1";"8,9";"8,9";"9,0"
"Itirapina (SP)";"Total";"9,3";"9,2";"9,6";"9,3";"9,1";"9,6"
"Itirapuã (SP)";"Total";"8,5";"8,2";"8,7";"8,2";"7,8";"8,6"
"Itobi (SP)";"Total";"9,0";"8,7";"9,4";"8,9";"8,5";"9,2"
"Itu (SP)";"Total";"10,3";"10,1";"10,4";"10,4";"10,2";"10,5"
"Itupeva (SP)";"Total";"10,3";"10,2";"10,4";"10,5";"10,4";"10,5"
"Ituverava (SP)";"Total";"9,7";"9,6";"9,8";"9,7";"9,7";"9,8"
"Jaborandi (SP)";"Total";"9,2";"9,0";"9,5";"9,1";"8,9";"9,3"
"Jaboticabal (SP)";"Total";"10,4";"10,4";"10,4";"10,4";"10,4";"10,4"
"Jacareí (SP)";"Total";"10,7";"10,7";"10,7";"10,9";"11,0";"10,8"
"Jaci (SP)";"Total";"8,8";"8,7";"9,0";"8,7";"8,5";"8,8"
"Jacupiranga (SP)";"Total";"8,6";"8,4";"8,9";"8,5";"8,3";"8,8"
"Jaguariúna (SP)";"Total";"10,5";"10,4";"10,5";"10,7";"10,7";"10,7"
"Jales (SP)";"Total";"10,1";"9,9";"10,2";"10,1";"10,0";"10,2"
"Jambeiro (SP)";"Total";"9,5";"9,2";"9,8";"9,5";"9,2";"9,8"
"Jandira (SP)";"Total";"10,4";"10,3";"10,4";"10,5";"10,5";"10,5"
"Jardinópolis (SP)";"Total";"9,5";"9,3";"9,8";"9,6";"9,4";"9,8"
"Jarinu (SP)";"Total";"9,4";"9,3";"9,5";"9,4";"9,3";"9,5"
"Jaú (SP)";"Total";"9,9";"9,8";"9,9";"10,0";"9,9";"10,0"
"Jeriquara (SP)";"Total";"9,0";"8,7";"9,4";"8,8";"8,4";"9,2"
"Joanópolis (SP)";"Total";"8,7";"8,4";"8,9";"8,5";"8,3";"8,7"
"João Ramalho (SP)";"Total";"9,0";"9,0";"9,0";"8,8";"8,7";"8,9"
"José Bonifácio (SP)";"Total";"9,6";"9,4";"9,8";"9,5";"9,4";"9,7"
"Júlio Mesquita (SP)";"Total";"8,9";"9,0";"8,8";"8,7";"8,9";"8,5"
"Jumirim (SP)";"Total";"9,2";"8,9";"9,5";"9,0";"8,7";"9,4"
"Jundiaí (SP)";"Total";"11,2";"11,2";"11,1";"11,4";"11,5";"11,3"
"Junqueirópolis (SP)";"Total";"9,8";"9,7";"9,9";"9,8";"9,7";"9,9"
"Juquiá (SP)";"Total";"9,0";"8,7";"9,3";"8,7";"8,4";"9,1"
"Juquitiba (SP)";"Total";"8,9";"8,7";"9,1";"8,7";"8,5";"8,8"
"Lagoinha (SP)";"Total";"8,8";"8,4";"9,3";"8,6";"8,1";"9,0"
"Laranjal Paulista (SP)";"Total";"9,3";"9,1";"9,5";"9,2";"9,1";"9,3"
"Lavínia (SP)";"Total";"8,8";"8,6";"9,1";"8,6";"8,6";"8,9"
"Lavrinhas (SP)";"Total";"9,2";"9,1";"9,4";"9,2";"9,0";"9,3"
"Leme (SP)";"Total";"9,4";"9,2";"9,6";"9,4";"9,2";"9,6"
"Lençóis Paulista (SP)";"Total";"10,0";"10,0";"10,0";"10,1";"10,2";"10,0"
"Limeira (SP)";"Total";"10,3";"10,4";"10,2";"10,4";"10,5";"10,3"
"Lindóia (SP)";"Total";"9,6";"9,3";"9,8";"9,5";"9,2";"9,7"
"Lins (SP)";"Total";"10,7";"10,7";"10,8";"10,9";"10,9";"11,0"
"Lorena (SP)";"Total";"10,5";"10,5";"10,6";"10,8";"10,8";"10,7"
"Lourdes (SP)";"Total";"8,5";"8,4";"8,6";"8,2";"8,0";"8,3"
"Louveira (SP)";"Total";"10,4";"10,4";"10,5";"10,6";"10,6";"10,6"
"Lucélia (SP)";"Total";"9,5";"9,1";"10,0";"9,4";"9,0";"9,9"
"Lucianópolis (SP)";"Total";"9,1";"8,7";"9,4";"8,8";"8,4";"9,1"
"Luís Antônio (SP)";"Total";"9,6";"9,4";"9,8";"9,6";"9,3";"9,8"
"Luiziânia (SP)";"Total";"8,5";"8,1";"8,8";"8,2";"7,8";"8,6"
"Lupércio (SP)";"Total";"8,6";"8,3";"8,9";"8,4";"8,2";"8,7"
"Lutécia (SP)";"Total";"9,3";"9,0";"9,6";"9,2";"8,8";"9,5"
"Macatuba (SP)";"Total";"9,3";"9,3";"9,3";"9,2";"9,3";"9,1"
"Macaubal (SP)";"Total";"9,0";"8,7";"9,2";"8,7";"8,4";"9,0"
"Macedônia (SP)";"Total";"8,9";"8,7";"9,2";"8,7";"8,4";"9,1"
"Magda (SP)";"Total";"9,1";"9,2";"9,1";"9,0";"9,0";"9,0"
"Mairinque (SP)";"Total";"9,9";"9,8";"10,0";"9,9";"9,9";"10,0"
"Mairiporã (SP)";"Total";"10,2";"10,0";"10,4";"10,3";"10,1";"10,5"
"Manduri (SP)";"Total";"9,1";"9,1";"9,2";"9,0";"8,9";"9,1"
"Marabá Paulista (SP)";"Total";"8,5";"8,3";"8,9";"8,3";"8,0";"8,7"
"Maracaí (SP)";"Total";"9,6";"9,6";"9,6";"9,5";"9,5";"9,6"
"Marapoama (SP)";"Total";"9,0";"8,9";"9,1";"8,8";"8,7";"8,9"
"Mariápolis (SP)";"Total";"9,3";"9,2";"9,4";"9,2";"9,1";"9,2"
"Marília (SP)";"Total";"10,8";"10,7";"10,8";"11,0";"10,9";"11,0"
"Marinópolis (SP)";"Total";"9,0";"8,7";"9,3";"8,7";"8,3";"9,0"
"Martinópolis (SP)";"Total";"9,5";"9,3";"9,7";"9,5";"9,3";"9,6"
"Matão (SP)";"Total";"9,9";"9,9";"9,9";"9,9";"9,9";"9,9"
"Mauá (SP)";"Total";"10,2";"10,2";"10,3";"10,3";"10,4";"10,3"
"Mendonça (SP)";"Total";"9,1";"8,9";"9,3";"9,0";"8,8";"9,2"
"Meridiano (SP)";"Total";"9,3";"9,1";"9,5";"9,1";"8,9";"9,3"
"Mesópolis (SP)";"Total";"8,4";"7,9";"8,8";"8,1";"7,5";"8,7"
"Miguelópolis (SP)";"Total";"8,9";"8,7";"9,1";"8,8";"8,6";"8,9"
"Mineiros do Tietê (SP)";"Total";"8,7";"8,7";"8,6";"8,4";"8,5";"8,3"
"Miracatu (SP)";"Total";"8,3";"8,0";"8,7";"8,0";"7,6";"8,5"
"Mira Estrela (SP)";"Total";"8,6";"8,2";"9,0";"8,3";"7,9";"8,7"
"Mirandópolis (SP)";"Total";"9,6";"9,4";"9,8";"9,5";"9,4";"9,7"
"Mirante do Paranapanema (SP)";"Total";"9,2";"9,0";"9,4";"9,1";"8,8";"9,3"
"Mirassol (SP)";"Total";"10,3";"10,1";"10,4";"10,4";"10,3";"10,5"
"Mirassolândia (SP)";"Total";"8,4";"8,0";"8,7";"8,3";"7,9";"8,7"
"Mococa (SP)";"Total";"9,9";"9,9";"9,9";"9,8";"9,9";"9,8"
"Mogi das Cruzes (SP)";"Total";"10,7";"10,7";"10,8";"11,0";"11,0";"11,0"
"Mogi Guaçu (SP)";"Total";"10,2";"10,2";"10,1";"10,3";"10,4";"10,2"
"Mogi Mirim (SP)";"Total";"10,3";"10,3";"10,3";"10,5";"10,5";"10,4"
"Mombuca (SP)";"Total";"8,9";"8,8";"9,0";"8,8";"8,7";"8,9"
"Monções (SP)";"Total";"9,0";"9,0";"9,1";"8,9";"8,8";"9,0"
"Mongaguá (SP)";"Total";"9,5";"9,2";"9,8";"9,6";"9,3";"9,9"
"Monte Alegre do Sul (SP)";"Total";"9,6";"9,4";"9,8";"9,6";"9,5";"9,8"
"Monte Alto (SP)";"Total";"9,9";"10,0";"9,9";"9,9";"9,9";"9,8"
"Monte Aprazível (SP)";"Total";"9,7";"9,5";"9,9";"9,7";"9,5";"9,8"
"Monte Azul Paulista (SP)";"Total";"9,2";"9,2";"9,2";"9,1";"9,0";"9,1"
"Monte Castelo (SP)";"Total";"8,8";"8,6";"9,1";"8,6";"8,4";"8,8"
"Monteiro Lobato (SP)";"Total";"9,5";"9,1";"9,9";"9,6";"9,1";"10,1"
"Monte Mor (SP)";"Total";"9,6";"9,5";"9,7";"9,6";"9,5";"9,7"
"Morro Agudo (SP)";"Total";"9,0";"8,8";"9,1";"8,8";"8,6";"9,0"
"Morungaba (SP)";"Total";"9,4";"9,1";"9,7";"9,4";"9,1";"9,8"
"Motuca (SP)";"Total";"9,0";"9,0";"9,1";"8,9";"8,8";"8,9"
"Murutinga do Sul (SP)";"Total";"9,0";"8,9";"9,1";"8,8";"8,9";"8,8"
"Nantes (SP)";"Total";"9,4";"9,3";"9,5";"9,2";"9,2";"9,2"
"Narandiba (SP)";"Total";"9,5";"9,1";"9,8";"9,4";"8,9";"9,9"
"Natividade da Serra (SP)";"Total";"7,5";"7,1";"7,8";"7,0";"6,8";"7,3"
"Nazaré Paulista (SP)";"Total";"8,7";"8,4";"9,0";"8,5";"8,1";"8,8"
"Neves Paulista (SP)";"Total";"9,4";"9,3";"9,4";"9,4";"9,2";"9,5"
"Nhandeara (SP)";"Total";"9,5";"9,4";"9,6";"9,4";"9,3";"9,6"
"Nipoã (SP)";"Total";"8,0";"7,7";"8,2";"7,6";"7,2";"7,9"
"Nova Aliança (SP)";"Total";"9,4";"9,2";"9,6";"9,3";"9,1";"9,5"
"Nova Campina (SP)";"Total";"8,0";"7,9";"8,0";"7,4";"7,5";"7,4"
"Nova Canaã Paulista (SP)";"Total";"8,2";"8,1";"8,2";"7,8";"7,7";"7,8"
"Nova Castilho (SP)";"Total";"9,5";"9,0";"10,0";"9,3";"8,9";"9,8"
"Nova Europa (SP)";"Total";"9,1";"8,9";"9,2";"9,0";"9,0";"9,1"
"Nova Granada (SP)";"Total";"8,9";"8,7";"9,2";"8,7";"8,4";"9,0"
"Nova Guataporanga (SP)";"Total";"9,0";"9,1";"8,8";"8,7";"8,9";"8,6"
"Nova Independência (SP)";"Total";"9,8";"9,5";"10,1";"9,8";"9,6";"10,0"
"Novais (SP)";"Total";"8,3";"7,9";"8,6";"8,0";"7,6";"8,4"
"Nova Luzitânia (SP)";"Total";"9,3";"9,3";"9,2";"9,1";"9,2";"9,1"
"Nova Odessa (SP)";"Total";"10,5";"10,5";"10,5";"10,6";"10,7";"10,5"
"Novo Horizonte (SP)";"Total";"9,4";"9,4";"9,5";"9,4";"9,3";"9,4"
"Nuporanga (SP)";"Total";"9,5";"9,3";"9,7";"9,5";"9,3";"9,7"
"Ocauçu (SP)";"Total";"8,6";"8,3";"9,0";"8,4";"8,0";"8,8"
"Óleo (SP)";"Total";"8,6";"8,6";"8,7";"8,4";"8,4";"8,4"
"Olímpia (SP)";"Total";"9,8";"9,7";"9,8";"9,9";"9,8";"9,9"
"Onda Verde (SP)";"Total";"9,5";"9,3";"9,7";"9,4";"9,2";"9,6"
"Oriente (SP)";"Total";"9,9";"10,0";"9,8";"9,9";"10,1";"9,7"
"Orindiúva (SP)";"Total";"10,0";"9,8";"10,1";"10,0";"9,8";"10,2"
"Orlândia (SP)";"Total";"9,8";"9,7";"9,8";"9,8";"9,9";"9,8"
"Osasco (SP)";"Total";"10,6";"10,6";"10,6";"10,8";"10,8";"10,8"
"Oscar Bressane (SP)";"Total";"9,0";"8,9";"9,1";"8,8";"8,8";"8,9"
"Osvaldo Cruz (SP)";"Total";"9,9";"10,0";"9,8";"9,9";"10,0";"9,8"
"Ourinhos (SP)";"Total";"10,2";"10,0";"10,3";"10,3";"10,2";"10,3"
"Ouroeste (SP)";"Total";"9,7";"9,6";"9,8";"9,6";"9,6";"9,6"
"Ouro Verde (SP)";"Total";"8,8";"8,7";"8,8";"8,5";"8,5";"8,6"
"Pacaembu (SP)";"Total";"8,6";"8,2";"9,5";"8,5";"8,0";"9,4"
"Palestina (SP)";"Total";"9,1";"9,0";"9,1";"8,9";"8,8";"9,0"
"Palmares Paulista (SP)";"Total";"8,2";"7,8";"8,6";"7,8";"7,4";"8,2"
"Palmeira d'Oeste (SP)";"Total";"9,0";"8,9";"9,2";"8,8";"8,7";"8,9"
"Palmital (SP)";"Total";"9,7";"9,6";"9,7";"9,6";"9,6";"9,7"
"Panorama (SP)";"Total";"8,6";"8,4";"8,9";"8,4";"8,1";"8,7"
"Paraguaçu Paulista (SP)";"Total";"10,0";"10,0";"10,0";"10,1";"10,1";"10,0"
"Paraibuna (SP)";"Total";"9,0";"8,7";"9,3";"8,9";"8,6";"9,2"
"Paraíso (SP)";"Total";"9,2";"9,1";"9,3";"9,0";"8,9";"9,1"
"Paranapanema (SP)";"Total";"8,6";"8,2";"9,0";"8,2";"7,7";"8,7"
"Paranapuã (SP)";"Total";"8,7";"8,6";"8,8";"8,4";"8,3";"8,5"
"Parapuã (SP)";"Total";"9,1";"9,0";"9,1";"8,9";"8,9";"8,9"
"Pardinho (SP)";"Total";"9,2";"9,1";"9,3";"9,1";"8,9";"9,3"
"Pariquera-Açu (SP)";"Total";"9,4";"9,3";"9,5";"9,3";"9,2";"9,4"
"Parisi (SP)";"Total";"8,8";"8,6";"9,1";"8,6";"8,2";"8,9"
"Patrocínio Paulista (SP)";"Total";"9,5";"9,2";"9,8";"9,5";"9,2";"9,8"
"Paulicéia (SP)";"Total";"9,2";"8,9";"9,5";"9,0";"8,7";"9,4"
"Paulínia (SP)";"Total";"10,8";"10,7";"10,8";"11,1";"11,1";"11,0"
"Paulistânia (SP)";"Total";"8,4";"8,2";"8,7";"8,1";"7,8";"8,3"
"Paulo de Faria (SP)";"Total";"8,9";"8,6";"9,2";"8,7";"8,4";"9,0"
"Pederneiras (SP)";"Total";"9,3";"9,2";"9,5";"9,2";"9,1";"9,4"
"Pedra Bela (SP)";"Total";"8,2";"8,0";"8,5";"7,9";"7,7";"8,2"
"Pedranópolis (SP)";"Total";"8,1";"8,0";"8,2";"7,7";"7,6";"7,9"
"Pedregulho (SP)";"Total";"8,8";"8,7";"9,0";"8,7";"8,5";"8,9"
"Pedreira (SP)";"Total";"9,7";"9,7";"9,6";"9,6";"9,7";"9,6"
"Pedrinhas Paulista (SP)";"Total";"8,9";"8,6";"9,3";"8,9";"8,5";"9,3"
"Pedro de Toledo (SP)";"Total";"8,4";"7,9";"8,8";"8,2";"7,7";"8,7"
"Penápolis (SP)";"Total";"10,0";"9,8";"10,2";"10,1";"9,9";"10,3"
"Pereira Barreto (SP)";"Total";"9,6";"9,4";"9,9";"9,7";"9,4";"9,9"
"Pereiras (SP)";"Total";"9,4";"9,2";"9,6";"9,4";"9,2";"9,6"
"Peruíbe (SP)";"Total";"9,7";"9,4";"10,0";"9,9";"9,6";"10,1"
"Piacatu (SP)";"Total";"9,0";"9,1";"8,9";"8,8";"8,9";"8,8"
"Piedade (SP)";"Total";"9,0";"8,9";"9,1";"8,8";"8,7";"9,0"
"Pilar do Sul (SP)";"Total";"9,1";"8,9";"9,3";"8,9";"8,7";"9,1"
"Pindamonhangaba (SP)";"Total";"10,7";"10,7";"10,7";"10,9";"11,0";"10,9"
"Pindorama (SP)";"Total";"9,4";"9,6";"9,3";"9,4";"9,5";"9,2"
"Pinhalzinho (SP)";"Total";"8,6";"8,4";"8,9";"8,5";"8,3";"8,8"
"Piquerobi (SP)";"Total";"8,6";"8,4";"8,8";"8,3";"8,2";"8,5"
"Piquete (SP)";"Total";"10,2";"10,0";"10,3";"10,2";"10,1";"10,3"
"Piracaia (SP)";"Total";"9,3";"9,2";"9,3";"9,2";"9,1";"9,2"
"Piracicaba (SP)";"Total";"10,7";"10,7";"10,7";"10,9";"11,0";"10,8"
"Piraju (SP)";"Total";"10,1";"10,0";"10,3";"10,2";"10,0";"10,4"
"Pirajuí (SP)";"Total";"9,6";"9,4";"9,9";"9,5";"9,3";"9,8"
"Pirangi (SP)";"Total";"9,3";"9,1";"9,4";"9,1";"8,9";"9,2"
"Pirapora do Bom Jesus (SP)";"Total";"9,3";"9,2";"9,5";"9,3";"9,1";"9,4"
"Pirapozinho (SP)";"Total";"9,9";"9,8";"10,0";"9,9";"9,8";"9,9"
"Pirassununga (SP)";"Total";"10,5";"10,4";"10,6";"10,7";"10,6";"10,7"
"Piratininga (SP)";"Total";"10,6";"10,3";"10,9";"10,8";"10,6";"11,1"
"Pitangueiras (SP)";"Total";"9,3";"9,1";"9,4";"9,1";"9,0";"9,3"
"Planalto (SP)";"Total";"8,8";"8,5";"9,0";"8,5";"8,1";"8,8"
"Platina (SP)";"Total";"8,7";"8,5";"8,8";"8,4";"8,2";"8,6"
"Poá (SP)";"Total";"10,6";"10,5";"10,7";"10,8";"10,7";"10,9"
"Poloni (SP)";"Total";"8,9";"8,7";"9,1";"8,9";"8,7";"9,1"
"Pompéia (SP)";"Total";"10,4";"10,4";"10,5";"10,6";"10,6";"10,6"
"Pongaí (SP)";"Total";"9,5";"9,6";"9,4";"9,4";"9,4";"9,3"
"Pontal (SP)";"Total";"9,0";"8,8";"9,2";"8,8";"8,6";"9,0"
"Pontalinda (SP)";"Total";"8,0";"7,7";"8,2";"7,7";"7,5";"8,1"
"Pontes Gestal (SP)";"Total";"9,1";"8,9";"9,2";"9,0";"8,8";"9,1"
"Populina (SP)";"Total";"8,3";"8,2";"8,4";"8,0";"7,9";"8,1"
"Porangaba (SP)";"Total";"8,8";"8,6";"9,1";"8,7";"8,5";"9,0"
"Porto Feliz (SP)";"Total";"9,7";"9,7";"9,8";"9,7";"9,7";"9,8"
"Porto Ferreira (SP)";"Total";"9,6";"9,5";"9,8";"9,7";"9,7";"9,8"
"Potim (SP)";"Total";"8,8";"8,9";"8,8";"8,8";"8,9";"8,7"
"Potirendaba (SP)";"Total";"9,3";"9,2";"9,4";"9,3";"9,1";"9,4"
"Pracinha (SP)";"Total";"8,6";"8,3";"9,4";"8,3";"8,1";"9,0"
"Pradópolis (SP)";"Total";"9,0";"9,1";"8,9";"8,9";"9,2";"8,7"
"Praia Grande (SP)";"Total";"10,5";"10,3";"10,6";"10,7";"10,6";"10,8"
"Pratânia (SP)";"Total";"8,4";"8,1";"8,7";"8,0";"7,6";"8,3"
"Presidente Alves (SP)";"Total";"9,1";"9,0";"9,3";"9,0";"8,9";"9,2"
"Presidente Bernardes (SP)";"Total";"9,3";"8,9";"9,9";"9,2";"8,8";"9,8"
"Presidente Epitácio (SP)";"Total";"9,8";"9,6";"9,9";"9,7";"9,6";"9,8"
"Presidente Prudente (SP)";"Total";"10,8";"10,7";"10,9";"11,0";"11,0";"11,0"
"Presidente Venceslau (SP)";"Total";"9,9";"9,8";"10,0";"9,9";"9,8";"10,0"
"Promissão (SP)";"Total";"9,3";"9,1";"9,4";"9,3";"9,0";"9,5"
"Quadra (SP)";"Total";"8,5";"8,3";"8,7";"8,2";"8,0";"8,5"
"Quatá (SP)";"Total";"9,3";"9,1";"9,5";"9,2";"9,0";"9,4"
"Queiroz (SP)";"Total";"9,2";"8,9";"9,5";"8,9";"8,7";"9,2"
"Queluz (SP)";"Total";"9,0";"8,7";"9,4";"9,1";"8,7";"9,4"
"Quintana (SP)";"Total";"9,6";"9,5";"9,7";"9,6";"9,4";"9,7"
"Rafard (SP)";"Total";"8,8";"8,8";"8,8";"8,8";"8,9";"8,8"
"Rancharia (SP)";"Total";"9,7";"9,6";"9,8";"9,7";"9,6";"9,8"
"Redenção da Serra (SP)";"Total";"8,0";"7,8";"8,1";"7,6";"7,4";"7,9"
"Regente Feijó (SP)";"Total";"10,1";"9,9";"10,3";"10,1";"9,8";"10,3"
"Reginópolis (SP)";"Total";"8,7";"8,6";"9,0";"8,5";"8,4";"8,6"
"Registro (SP)";"Total";"9,8";"9,7";"9,9";"9,8";"9,7";"10,0"
"Restinga (SP)";"Total";"8,9";"8,9";"9,0";"8,8";"8,7";"8,8"
"Ribeira (SP)";"Total";"8,3";"8,3";"8,3";"8,1";"8,1";"8,0"
"Ribeirão Bonito (SP)";"Total";"9,3";"9,2";"9,4";"9,2";"9,1";"9,3"
"Ribeirão Branco (SP)";"Total";"7,7";"7,5";"7,9";"7,2";"7,0";"7,4"
"Ribeirão Corrente (SP)";"Total";"8,4";"8,1";"8,7";"7,9";"7,5";"8,3"
"Ribeirão do Sul (SP)";"Total";"9,2";"9,1";"9,3";"9,0";"8,9";"9,1"
"Ribeirão dos Índios (SP)";"Total";"8,8";"8,5";"9,0";"8,4";"8,1";"8,6"
"Ribeirão Grande (SP)";"Total";"8,3";"8,4";"8,2";"8,0";"8,2";"7,8"
"Ribeirão Pires (SP)";"Total";"10,6";"10,6";"10,6";"10,8";"10,8";"10,7"
"Ribeirão Preto (SP)";"Total";"10,9";"10,9";"11,0";"11,2";"11,2";"11,3"
"Riversul (SP)";"Total";"8,1";"8,1";"8,2";"7,8";"7,7";"7,9"
"Rifaina (SP)";"Total";"9,8";"9,8";"9,9";"9,8";"9,7";"9,8"
"Rincão (SP)";"Total";"9,0";"8,9";"9,0";"8,8";"8,7";"8,8"
"Rinópolis (SP)";"Total";"9,2";"9,1";"9,3";"9,0";"8,9";"9,1"
"Rio Claro (SP)";"Total";"10,6";"10,7";"10,6";"10,8";"11,0";"10,7"
"Rio das Pedras (SP)";"Total";"9,7";"9,7";"9,6";"9,8";"9,9";"9,6"
"Rio Grande da Serra (SP)";"Total";"10,0";"10,0";"9,9";"10,0";"10,2";"9,9"
"Riolândia (SP)";"Total";"5,9";"4,7";"8,0";"5,6";"4,4";"7,7"
"Rosana (SP)";"Total";"9,9";"9,7";"10,0";"9,8";"9,6";"10,0"
"Roseira (SP)";"Total";"9,9";"9,7";"10,1";"10,0";"9,8";"10,3"
"Rubiácea (SP)";"Total";"8,5";"8,4";"8,7";"8,3";"8,0";"8,6"
"Rubinéia (SP)";"Total";"9,2";"8,8";"9,5";"9,1";"8,7";"9,4"
"Sabino (SP)";"Total";"8,4";"8,2";"8,5";"8,2";"8,1";"8,3"
"Sagres (SP)";"Total";"8,9";"8,8";"8,9";"8,7";"8,7";"8,7"
"Sales (SP)";"Total";"8,7";"8,4";"9,0";"8,7";"8,4";"8,9"
"Sales Oliveira (SP)";"Total";"9,0";"8,9";"9,1";"9,0";"8,9";"9,0"
"Salesópolis (SP)";"Total";"9,1";"8,8";"9,3";"8,9";"8,7";"9,1"
"Salmourão (SP)";"Total";"7,4";"7,3";"7,5";"7,1";"6,9";"7,2"
"Saltinho (SP)";"Total";"9,5";"9,5";"9,6";"9,5";"9,5";"9,6"
"Salto (SP)";"Total";"10,5";"10,5";"10,5";"10,7";"10,8";"10,6"
"Salto de Pirapora (SP)";"Total";"9,4";"9,3";"9,5";"9,3";"9,2";"9,4"
"Salto Grande (SP)";"Total";"8,8";"8,9";"8,8";"8,6";"8,6";"8,6"
"Sandovalina (SP)";"Total";"9,4";"8,9";"10,0";"9,3";"8,7";"10,0"
"Santa Adélia (SP)";"Total";"9,2";"9,1";"9,3";"9,0";"8,9";"9,1"
"Santa Albertina (SP)";"Total";"8,8";"8,8";"8,9";"8,6";"8,5";"8,7"
"Santa Bárbara d'Oeste (SP)";"Total";"10,0";"10,1";"9,9";"10,0";"10,2";"9,8"
"Santa Branca (SP)";"Total";"9,6";"9,4";"9,8";"9,7";"9,5";"9,8"
"Santa Clara d'Oeste (SP)";"Total";"9,2";"9,2";"9,1";"9,0";"9,0";"9,1"
"Santa Cruz da Conceição (SP)";"Total";"10,0";"9,8";"10,1";"10,0";"9,9";"10,1"
"Santa Cruz da Esperança (SP)";"Total";"9,4";"9,2";"9,7";"9,4";"9,2";"9,6"
"Santa Cruz das Palmeiras (SP)";"Total";"9,0";"8,7";"9,2";"8,8";"8,6";"9,1"
"Santa Cruz do Rio Pardo (SP)";"Total";"9,9";"9,7";"10,1";"9,9";"9,8";"10,1"
"Santa Ernestina (SP)";"Total";"9,9";"9,7";"10,1";"9,9";"9,8";"10,0"
"Santa Fé do Sul (SP)";"Total";"10,4";"10,4";"10,4";"10,5";"10,4";"10,5"
"Santa Gertrudes (SP)";"Total";"9,8";"9,8";"9,8";"9,8";"9,8";"9,8"
"Santa Isabel (SP)";"Total";"9,8";"9,7";"9,9";"9,8";"9,7";"9,9"
"Santa Lúcia (SP)";"Total";"9,3";"9,5";"9,2";"9,1";"9,4";"8,9"
"Santa Maria da Serra (SP)";"Total";"8,8";"8,6";"8,9";"8,5";"8,5";"8,6"
"Santa Mercedes (SP)";"Total";"9,4";"9,4";"9,5";"9,4";"9,3";"9,5"
"Santana da Ponte Pensa (SP)";"Total";"9,0";"8,9";"9,0";"8,8";"8,7";"8,9"
"Santana de Parnaíba (SP)";"Total";"11,2";"11,2";"11,3";"11,6";"11,6";"11,6"
"Santa Rita d'Oeste (SP)";"Total";"9,0";"9,0";"9,1";"8,7";"8,7";"8,8"
"Santa Rita do Passa Quatro (SP)";"Total";"9,9";"9,7";"10,1";"10,0";"9,8";"10,2"
"Santa Rosa de Viterbo (SP)";"Total";"9,8";"9,8";"9,8";"9,9";"9,9";"9,9"
"Santa Salete (SP)";"Total";"9,2";"9,1";"9,4";"9,0";"8,9";"9,2"
"Santo Anastácio (SP)";"Total";"10,1";"9,9";"10,3";"10,0";"9,8";"10,2"
"Santo André (SP)";"Total";"11,3";"11,3";"11,2";"11,5";"11,7";"11,4"
"Santo Antônio da Alegria (SP)";"Total";"9,1";"8,7";"9,6";"8,9";"8,4";"9,4"
"Santo Antônio de Posse (SP)";"Total";"8,5";"8,5";"8,6";"8,4";"8,3";"8,4"
"Santo Antônio do Aracanguá (SP)";"Total";"9,4";"9,3";"9,5";"9,4";"9,1";"9,6"
"Santo Antônio do Jardim (SP)";"Total";"9,0";"8,9";"9,1";"8,8";"8,7";"8,9"
"Santo Antônio do Pinhal (SP)";"Total";"9,5";"9,3";"9,6";"9,4";"9,3";"9,5"
"Santo Expedito (SP)";"Total";"8,9";"8,7";"9,1";"8,7";"8,5";"8,9"
"Santópolis do Aguapeí (SP)";"Total";"9,4";"9,3";"9,6";"9,4";"9,3";"9,4"
"Santos (SP)";"Total";"11,9";"11,9";"11,8";"12,2";"12,4";"12,1"
"São Bento do Sapucaí (SP)";"Total";"9,2";"8,9";"9,4";"9,0";"8,7";"9,3"
"São Bernardo do Campo (SP)";"Total";"11,1";"11,1";"11,2";"11,4";"11,5";"11,4"
"São Caetano do Sul (SP)";"Total";"12,3";"12,4";"12,2";"12,7";"12,9";"12,5"
"São Carlos (SP)";"Total";"11,1";"11,2";"11,0";"11,3";"11,5";"11,2"
"São Francisco (SP)";"Total";"8,6";"8,9";"8,3";"8,1";"8,6";"7,7"
"São João da Boa Vista (SP)";"Total";"10,4";"10,3";"10,6";"10,6";"10,4";"10,7"
"São João das Duas Pontes (SP)";"Total";"8,9";"8,8";"9,0";"8,5";"8,5";"8,6"
"São João de Iracema (SP)";"Total";"9,2";"8,8";"9,5";"9,0";"8,5";"9,4"
"São João do Pau d'Alho (SP)";"Total";"9,1";"8,9";"9,4";"8,9";"8,7";"9,2"
"São Joaquim da Barra (SP)";"Total";"10,0";"9,9";"10,1";"10,1";"10,0";"10,2"
"São José da Bela Vista (SP)";"Total";"8,5";"8,3";"8,6";"8,0";"7,9";"8,1"
"São José do Barreiro (SP)";"Total";"8,1";"7,7";"8,5";"7,9";"7,4";"8,4"
"São José do Rio Pardo (SP)";"Total";"9,3";"9,1";"9,5";"9,3";"9,1";"9,5"
"São José do Rio Preto (SP)";"Total";"10,8";"10,7";"10,9";"11,0";"10,9";"11,1"
"São José dos Campos (SP)";"Total";"11,2";"11,1";"11,2";"11,5";"11,5";"11,4"
"São Lourenço da Serra (SP)";"Total";"9,6";"9,4";"9,8";"9,5";"9,3";"9,7"
"São Luiz do Paraitinga (SP)";"Total";"8,7";"8,3";"9,1";"8,4";"8,0";"8,9"
"São Manuel (SP)";"Total";"9,7";"9,8";"9,7";"9,7";"9,8";"9,7"
"São Miguel Arcanjo (SP)";"Total";"8,4";"8,2";"8,5";"8,1";"8,0";"8,3"
"São Paulo (SP)";"Total";"10,9";"10,9";"11,0";"11,2";"11,2";"11,1"
"São Pedro (SP)";"Total";"10,1";"10,0";"10,3";"10,2";"10,1";"10,3"
"São Pedro do Turvo (SP)";"Total";"8,6";"8,4";"8,8";"8,3";"8,2";"8,5"
"São Roque (SP)";"Total";"10,4";"10,3";"10,5";"10,6";"10,5";"10,6"
"São Sebastião (SP)";"Total";"10,0";"9,7";"10,2";"10,1";"9,8";"10,3"
"São Sebastião da Grama (SP)";"Total";"8,5";"8,1";"8,9";"8,4";"7,9";"8,9"
"São Simão (SP)";"Total";"10,0";"9,8";"10,1";"10,0";"9,9";"10,2"
"São Vicente (SP)";"Total";"9,9";"9,9";"10,0";"10,1";"10,0";"10,1"
"Sarapuí (SP)";"Total";"9,2";"8,9";"9,4";"9,0";"8,7";"9,3"
"Sarutaiá (SP)";"Total";"8,2";"8,1";"8,3";"7,8";"7,8";"7,9"
"Sebastianópolis do Sul (SP)";"Total";"9,1";"9,1";"9,1";"9,0";"9,0";"9,0"
"Serra Azul (SP)";"Total";"8,6";"8,4";"8,9";"8,3";"8,1";"8,8"
"Serrana (SP)";"Total";"9,3";"9,3";"9,3";"9,2";"9,1";"9,3"
"Serra Negra (SP)";"Total";"10,0";"9,9";"10,2";"10,1";"9,9";"10,2"
"Sertãozinho (SP)";"Total";"10,0";"9,9";"10,1";"10,1";"10,0";"10,2"
"Sete Barras (SP)";"Total";"8,3";"8,0";"8,7";"8,1";"7,7";"8,4"
"Severínia (SP)";"Total";"8,9";"8,7";"9,0";"8,6";"8,4";"8,8"
"Silveiras (SP)";"Total";"8,5";"8,2";"8,7";"8,1";"7,8";"8,4"
"Socorro (SP)";"Total";"9,3";"9,0";"9,5";"9,1";"8,8";"9,4"
"Sorocaba (SP)";"Total";"10,9";"10,9";"10,9";"11,2";"11,2";"11,1"
"Sud Mennucci (SP)";"Total";"9,4";"9,2";"9,5";"9,3";"9,1";"9,4"
"Sumaré (SP)";"Total";"9,9";"9,9";"9,9";"10,0";"10,0";"9,9"
"Suzano (SP)";"Total";"10,2";"10,2";"10,3";"10,4";"10,4";"10,4"
"Suzanápolis (SP)";"Total";"9,3";"9,1";"9,5";"9,0";"8,9";"9,2"
"Tabapuã (SP)";"Total";"9,2";"9,2";"9,3";"9,0";"9,0";"9,0"
"Tabatinga (SP)";"Total";"8,6";"8,6";"8,5";"8,3";"8,4";"8,2"
"Taboão da Serra (SP)";"Total";"10,5";"10,4";"10,7";"10,7";"10,6";"10,8"
"Taciba (SP)";"Total";"9,3";"8,9";"9,7";"9,2";"8,8";"9,6"
"Taguaí (SP)";"Total";"8,5";"8,4";"8,6";"8,1";"8,0";"8,2"
"Taiaçu (SP)";"Total";"8,6";"8,4";"8,8";"8,3";"8,1";"8,5"
"Taiúva (SP)";"Total";"9,3";"9,2";"9,4";"9,1";"9,0";"9,3"
"Tambaú (SP)";"Total";"9,4";"9,3";"9,5";"9,4";"9,3";"9,5"
"Tanabi (SP)";"Total";"9,2";"9,1";"9,2";"9,0";"9,0";"9,1"
"Tapiraí (SP)";"Total";"8,5";"8,3";"8,7";"8,1";"7,9";"8,3"
"Tapiratiba (SP)";"Total";"9,3";"9,2";"9,3";"9,2";"9,1";"9,2"
"Taquaral (SP)";"Total";"8,8";"8,8";"8,8";"8,4";"8,4";"8,5"
"Taquaritinga (SP)";"Total";"9,6";"9,4";"9,7";"9,5";"9,4";"9,7"
"Taquarituba (SP)";"Total";"8,7";"8,3";"9,0";"8,4";"8,0";"8,7"
"Taquarivaí (SP)";"Total";"8,6";"8,4";"8,7";"8,1";"7,8";"8,4"
"Tarabai (SP)";"Total";"9,0";"8,8";"9,2";"8,8";"8,5";"9,0"
"Tarumã (SP)";"Total";"9,5";"9,4";"9,5";"9,4";"9,4";"9,4"
"Tatuí (SP)";"Total";"9,9";"9,9";"10,0";"10,0";"10,0";"10,0"
"Taubaté (SP)";"Total";"11,0";"10,9";"11,0";"11,3";"11,3";"11,2"
"Tejupá (SP)";"Total";"7,9";"7,8";"7,9";"7,3";"7,3";"7,3"
"Teodoro Sampaio (SP)";"Total";"9,6";"9,3";"9,8";"9,5";"9,2";"9,8"
"Terra Roxa (SP)";"Total";"8,8";"8,5";"9,0";"8,6";"8,3";"8,8"
"Tietê (SP)";"Total";"10,4";"10,3";"10,5";"10,5";"10,4";"10,6"
"Timburi (SP)";"Total";"8,7";"8,4";"9,1";"8,6";"8,1";"9,0"
"Torre de Pedra (SP)";"Total";"8,9";"8,8";"9,1";"8,8";"8,6";"8,9"
"Torrinha (SP)";"Total";"8,8";"8,6";"9,1";"8,7";"8,5";"8,8"
"Trabiju (SP)";"Total";"8,7";"8,5";"8,9";"8,5";"8,3";"8,7"
"Tremembé (SP)";"Total";"10,5";"10,2";"10,8";"10,7";"10,4";"11,0"
"Três Fronteiras (SP)";"Total";"9,4";"9,3";"9,5";"9,3";"9,2";"9,4"
"Tuiuti (SP)";"Total";"8,4";"8,2";"8,6";"8,2";"8,0";"8,4"
"Tupã (SP)";"Total";"10,1";"10,0";"10,2";"10,1";"10,1";"10,2"
"Tupi Paulista (SP)";"Total";"9,8";"9,7";"10,0";"9,8";"9,6";"10,0"
"Turiúba (SP)";"Total";"9,5";"9,3";"9,7";"9,3";"9,1";"9,5"
"Turmalina (SP)";"Total";"9,4";"9,4";"9,4";"9,2";"9,1";"9,3"
"Ubarana (SP)";"Total";"8,1";"7,8";"8,5";"7,9";"7,5";"8,2"
"Ubatuba (SP)";"Total";"10,0";"9,7";"10,2";"10,1";"9,9";"10,3"
"Ubirajara (SP)";"Total";"8,9";"8,6";"9,1";"8,7";"8,4";"9,0"
"Uchoa (SP)";"Total";"9,1";"9,1";"9,2";"9,0";"8,9";"9,0"
"União Paulista (SP)";"Total";"8,7";"8,1";"9,3";"8,5";"7,8";"9,2"
"Urânia (SP)";"Total";"9,0";"8,9";"9,1";"8,8";"8,7";"8,9"
"Uru (SP)";"Total";"9,2";"8,8";"9,6";"9,0";"8,6";"9,4"
"Urupês (SP)";"Total";"9,4";"9,3";"9,5";"9,3";"9,2";"9,4"
"Valentim Gentil (SP)";"Total";"9,1";"8,9";"9,2";"8,9";"8,9";"9,0"
"Valinhos (SP)";"Total";"11,2";"11,3";"11,2";"11,5";"11,6";"11,4"
"Valparaíso (SP)";"Total";"9,3";"9,1";"9,6";"9,3";"9,1";"9,6"
"Vargem (SP)";"Total";"8,3";"8,2";"8,5";"8,2";"8,1";"8,2"
"Vargem Grande do Sul (SP)";"Total";"8,0";"7,7";"8,2";"7,8";"7,5";"8,0"
"Vargem Grande Paulista (SP)";"Total";"10,5";"10,4";"10,5";"10,6";"10,6";"10,6"
"Várzea Paulista (SP)";"Total";"9,6";"9,6";"9,6";"9,6";"9,7";"9,5"
"Vera Cruz (SP)";"Total";"9,8";"9,8";"9,9";"9,7";"9,7";"9,8"
"Vinhedo (SP)";"Total";"11,1";"11,1";"11,1";"11,5";"11,6";"11,4"
"Viradouro (SP)";"Total";"8,8";"8,7";"8,9";"8,7";"8,5";"8,8"
"Vista Alegre do Alto (SP)";"Total";"8,1";"8,0";"8,3";"7,7";"7,5";"7,8"
"Vitória Brasil (SP)";"Total";"8,6";"8,6";"8,7";"8,3";"8,2";"8,4"
"Votorantim (SP)";"Total";"10,5";"10,5";"10,5";"10,6";"10,7";"10,6"
"Votuporanga (SP)";"Total";"10,0";"9,9";"10,0";"10,0";"10,0";"10,0"
"Zacarias (SP)";"Total";"8,7";"8,6";"8,9";"8,6";"8,6";"8,7"
"Chavantes (SP)";"Total";"9,3";"9,4";"9,2";"9,3";"9,5";"9,0"
"Estiva Gerbi (SP)";"Total";"9,6";"9,6";"9,5";"9,6";"9,7";"9,4"
"Fonte: IBGE - Censo Demográfico"

"Notas"
"1 - Dados dos Resultados preliminares da amostra, estimados a partir de áreas de ponderação preliminares."
"2 - A categoria Total de cor ou raça inclui os ignorados omitidos na tabela."
"3 - No Censo Demográfico 2022, definiu-se como indígena a pessoa residente em localidades indígenas que se declarou indígena pelo quesito de cor ou raça ou pelo quesito se considera indígena; ou a pessoa residente fora das localidades indígenas que se declarou indígena no quesito de cor ou raça. Por essa razão, o total de pessoas indígenas é superior ou igual ao total de pessoas de cor ou raça declarada indígena, nos diferentes recortes."
"4 - No Censo Demográfico 2022, foram consideradas localidades indígenas aquelas que compõem o conjunto das Terras Indígenas, dos agrupamentos indígenas e das demais áreas de conhecida ou potencial ocupação indígena. Para mais detalhes, consultar a documentação metodológica."
"5 - No Censo Demográfico 2022, foram consideradas as Terras Indígenas declaradas, homologadas, regularizadas ou encaminhadas como Reservas Indígenas até 31 de julho de 2022, data de referência da pesquisa, conforme os dados da Fundação Nacional dos Povos Indígenas – FUNAI. Para mais informações, consultar a documentação metodológica."
""
"Legenda"
"Símbolo";"Significado"
"-";"Zero absoluto, não resultante de um cálculo ou arredondamento.
Ex: Em determinado município não existem pessoas de 14 anos de idade sem instrução."
"0";"Zero resultante de um cálculo ou arredondamento.
Ex: A inflação do feijão em determinada Região Metropolitana foi 0.
Determinado município produziu 400 kg de sementes de girassol e os dados da tabela são expressos em toneladas."
"X";"Valor inibido para não identificar o informante.
Ex: Determinado município só possui uma empresa produtora de cimento, logo o valor de sua produção deve ser inibido."
"..";"Valor não se aplica.
Ex: Não se pode obter o total da produção agrícola em determinado município quando os produtos agrícolas são contabilizados com unidades de medida distintas."
"...";"Valor não disponível.
Ex: A produção de feijão em determinado município não foi pesquisada ou determinado município não existia no ano da pesquisa."
"A a Z
(exceto X)";"Significa uma faixa de valores. Varia em função da tabela (se for o caso).
Ex: O nível de precisão da produção estimada de combustíveis está na faixa A (95 a 100%)"
